physical_step,iteration,total_residual,temperature_residual,psi_residual,voltage_residual,Ax_residual,Ay_residual,sigma,oscillation_detected
1,1,1.0,1.3356761737347674e-09,0.01573637472393872,1.0,0.0,0.0,0.85,False
1,2,1.0,1.3356761737347674e-09,0.01573637472393872,1.0,0.0,0.0,0.85,False
1,3,1.0,1.3356761737347674e-09,0.01573637472393872,1.0,0.0,0.0,0.85,False
1,4,1.0,1.3356761737347674e-09,0.01573637472393872,1.0,0.0,0.0,0.85,False
1,5,1.0,1.3356761737347674e-09,0.01573637472393872,1.0,0.0,0.0,0.85,False
1,6,1.0,1.3356761737347674e-09,0.01573637472393872,1.0,0.0,0.0,0.85,False
1,7,1.0,1.3356761737347674e-09,0.01573637472393872,1.0,0.0,0.0,0.85,False
1,8,1.0,1.3356761737347674e-09,0.01573637472393872,1.0,0.0,0.0,0.85,False
1,9,1.0,1.3356761737347674e-09,0.01573637472393872,1.0,0.0,0.0,0.85,False
1,10,1.0,1.3356761737347674e-09,0.01573637472393872,1.0,0.0,0.0,0.85,False
1,11,1.0,1.3356761737347674e-09,0.01573637472393872,1.0,0.0,0.0,0.85,False
1,12,1.0,1.3356761737347674e-09,0.01573637472393872,1.0,0.0,0.0,0.85,False
1,13,1.0,1.3356761737347674e-09,0.01573637472393872,1.0,0.0,0.0,0.85,False
1,14,1.0,1.3356761737347674e-09,0.01573637472393872,1.0,0.0,0.0,0.85,False
1,15,1.0,1.3356761737347674e-09,0.01573637472393872,1.0,0.0,0.0,0.85,False
1,16,1.0,1.3356761737347674e-09,0.01573637472393872,1.0,0.0,0.0,0.85,False
1,17,1.0,1.3356761737347674e-09,0.01573637472393872,1.0,0.0,0.0,0.85,False
1,18,1.0,1.3356761737347674e-09,0.01573637472393872,1.0,0.0,0.0,0.85,False
1,19,1.0,1.3356761737347674e-09,0.01573637472393872,1.0,0.0,0.0,0.85,False
1,20,1.0,1.3356761737347674e-09,0.01573637472393872,1.0,0.0,0.0,0.85,False
1,21,1.0,1.3356761737347674e-09,0.01573637472393872,1.0,0.0,0.0,0.85,False
1,22,1.0,1.3356761737347674e-09,0.01573637472393872,1.0,0.0,0.0,0.85,False
1,23,1.0,1.3356761737347674e-09,0.01573637472393872,1.0,0.0,0.0,0.85,False
1,24,1.0,1.3356761737347674e-09,0.01573637472393872,1.0,0.0,0.0,0.85,False
1,25,1.0,1.3356761737347674e-09,0.01573637472393872,1.0,0.0,0.0,0.85,False
1,26,1.0,1.3356761737347674e-09,0.01573637472393872,1.0,0.0,0.0,0.85,False
1,27,1.0,1.3356761737347674e-09,0.01573637472393872,1.0,0.0,0.0,0.85,False
1,28,1.0,1.3356761737347674e-09,0.01573637472393872,1.0,0.0,0.0,0.85,False
1,29,1.0,1.3356761737347674e-09,0.01573637472393872,1.0,0.0,0.0,0.85,False
1,30,1.0,1.3356761737347674e-09,0.01573637472393872,1.0,0.0,0.0,0.85,False
1,31,1.0,1.3356761737347674e-09,0.01573637472393872,1.0,0.0,0.0,0.85,False
1,32,1.0,1.3356761737347674e-09,0.01573637472393872,1.0,0.0,0.0,0.85,False
1,33,1.0,1.3356761737347674e-09,0.01573637472393872,1.0,0.0,0.0,0.85,False
1,34,1.0,1.3356761737347674e-09,0.01573637472393872,1.0,0.0,0.0,0.85,False
1,35,1.0,1.3356761737347674e-09,0.01573637472393872,1.0,0.0,0.0,0.85,False
1,36,1.0,1.3356761737347674e-09,0.01573637472393872,1.0,0.0,0.0,0.85,False
1,37,1.0,1.3356761737347674e-09,0.01573637472393872,1.0,0.0,0.0,0.85,False
1,38,1.0,1.3356761737347674e-09,0.01573637472393872,1.0,0.0,0.0,0.85,False
1,39,1.0,1.3356761737347674e-09,0.01573637472393872,1.0,0.0,0.0,0.85,False
1,40,1.0,1.3356761737347674e-09,0.01573637472393872,1.0,0.0,0.0,0.85,False
1,41,1.0,1.3356761737347674e-09,0.01573637472393872,1.0,0.0,0.0,0.85,False
1,42,1.0,1.3356761737347674e-09,0.01573637472393872,1.0,0.0,0.0,0.85,False
1,43,1.0,1.3356761737347674e-09,0.01573637472393872,1.0,0.0,0.0,0.85,False
1,44,1.0,1.3356761737347674e-09,0.01573637472393872,1.0,0.0,0.0,0.85,False
1,45,1.0,1.3356761737347674e-09,0.01573637472393872,1.0,0.0,0.0,0.85,False
1,46,1.0,1.3356761737347674e-09,0.01573637472393872,1.0,0.0,0.0,0.85,False
1,47,1.0,1.3356761737347674e-09,0.01573637472393872,1.0,0.0,0.0,0.85,False
1,48,1.0,1.3356761737347674e-09,0.01573637472393872,1.0,0.0,0.0,0.85,False
1,49,1.0,1.3356761737347674e-09,0.01573637472393872,1.0,0.0,0.0,0.85,False
1,50,1.0,1.3356761737347674e-09,0.01573637472393872,1.0,0.0,0.0,0.85,False
1,51,1.0,1.3356761737347674e-09,0.01573637472393872,1.0,0.0,0.0,0.85,False
1,52,1.0,1.3356761737347674e-09,0.01573637472393872,1.0,0.0,0.0,0.85,False
1,53,1.0,1.3356761737347674e-09,0.01573637472393872,1.0,0.0,0.0,0.85,False
1,54,1.0,1.3356761737347674e-09,0.01573637472393872,1.0,0.0,0.0,0.85,False
1,55,1.0,1.3356761737347674e-09,0.01573637472393872,1.0,0.0,0.0,0.85,False
1,56,1.0,1.3356761737347674e-09,0.01573637472393872,1.0,0.0,0.0,0.85,False
1,57,1.0,1.3356761737347674e-09,0.01573637472393872,1.0,0.0,0.0,0.85,False
1,58,1.0,1.3356761737347674e-09,0.01573637472393872,1.0,0.0,0.0,0.85,False
1,59,1.0,1.3356761737347674e-09,0.01573637472393872,1.0,0.0,0.0,0.85,False
1,60,1.0,1.3356761737347674e-09,0.01573637472393872,1.0,0.0,0.0,0.85,False
1,61,1.0,1.3356761737347674e-09,0.01573637472393872,1.0,0.0,0.0,0.85,False
1,62,1.0,1.3356761737347674e-09,0.01573637472393872,1.0,0.0,0.0,0.85,False
1,63,1.0,1.3356761737347674e-09,0.01573637472393872,1.0,0.0,0.0,0.85,False
1,64,1.0,1.3356761737347674e-09,0.01573637472393872,1.0,0.0,0.0,0.85,False
1,65,1.0,1.3356761737347674e-09,0.01573637472393872,1.0,0.0,0.0,0.85,False
1,66,1.0,1.3356761737347674e-09,0.01573637472393872,1.0,0.0,0.0,0.85,False
1,67,1.0,1.3356761737347674e-09,0.01573637472393872,1.0,0.0,0.0,0.85,False
1,68,1.0,1.3356761737347674e-09,0.01573637472393872,1.0,0.0,0.0,0.85,False
1,69,1.0,1.3356761737347674e-09,0.01573637472393872,1.0,0.0,0.0,0.85,False
1,70,1.0,1.3356761737347674e-09,0.01573637472393872,1.0,0.0,0.0,0.85,False
1,71,1.0,1.3356761737347674e-09,0.01573637472393872,1.0,0.0,0.0,0.85,False
1,72,1.0,1.3356761737347674e-09,0.01573637472393872,1.0,0.0,0.0,0.85,False
1,73,1.0,1.3356761737347674e-09,0.01573637472393872,1.0,0.0,0.0,0.85,False
1,74,1.0,1.3356761737347674e-09,0.01573637472393872,1.0,0.0,0.0,0.85,False
1,75,1.0,1.3356761737347674e-09,0.01573637472393872,1.0,0.0,0.0,0.85,False
1,76,1.0,1.3356761737347674e-09,0.01573637472393872,1.0,0.0,0.0,0.85,False
1,77,1.0,1.3356761737347674e-09,0.01573637472393872,1.0,0.0,0.0,0.85,False
1,78,1.0,1.3356761737347674e-09,0.01573637472393872,1.0,0.0,0.0,0.85,False
1,79,1.0,1.3356761737347674e-09,0.01573637472393872,1.0,0.0,0.0,0.85,False
1,80,1.0,1.3356761737347674e-09,0.01573637472393872,1.0,0.0,0.0,0.85,False
1,81,1.0,1.3356761737347674e-09,0.01573637472393872,1.0,0.0,0.0,0.85,False
1,82,1.0,1.3356761737347674e-09,0.01573637472393872,1.0,0.0,0.0,0.85,False
1,83,1.0,1.3356761737347674e-09,0.01573637472393872,1.0,0.0,0.0,0.85,False
1,84,1.0,1.3356761737347674e-09,0.01573637472393872,1.0,0.0,0.0,0.85,False
1,85,1.0,1.3356761737347674e-09,0.01573637472393872,1.0,0.0,0.0,0.85,False
1,86,1.0,1.3356761737347674e-09,0.01573637472393872,1.0,0.0,0.0,0.85,False
1,87,1.0,1.3356761737347674e-09,0.01573637472393872,1.0,0.0,0.0,0.85,False
1,88,1.0,1.3356761737347674e-09,0.01573637472393872,1.0,0.0,0.0,0.85,False
1,89,1.0,1.3356761737347674e-09,0.01573637472393872,1.0,0.0,0.0,0.85,False
1,90,1.0,1.3356761737347674e-09,0.01573637472393872,1.0,0.0,0.0,0.85,False
1,91,1.0,1.3356761737347674e-09,0.01573637472393872,1.0,0.0,0.0,0.85,False
1,92,1.0,1.3356761737347674e-09,0.01573637472393872,1.0,0.0,0.0,0.85,False
1,93,1.0,1.3356761737347674e-09,0.01573637472393872,1.0,0.0,0.0,0.85,False
1,94,1.0,1.3356761737347674e-09,0.01573637472393872,1.0,0.0,0.0,0.85,False
1,95,1.0,1.3356761737347674e-09,0.01573637472393872,1.0,0.0,0.0,0.85,False
1,96,1.0,1.3356761737347674e-09,0.01573637472393872,1.0,0.0,0.0,0.85,False
1,97,1.0,1.3356761737347674e-09,0.01573637472393872,1.0,0.0,0.0,0.85,False
1,98,1.0,1.3356761737347674e-09,0.01573637472393872,1.0,0.0,0.0,0.85,False
1,99,1.0,1.3356761737347674e-09,0.01573637472393872,1.0,0.0,0.0,0.85,False
1,100,1.0,1.3356761737347674e-09,0.01573637472393872,1.0,0.0,0.0,0.85,False
1,101,1.0,1.3356761737347674e-09,0.01573637472393872,1.0,0.0,0.0,0.85,False
1,102,1.0,1.3356761737347674e-09,0.01573637472393872,1.0,0.0,0.0,0.85,False
1,103,1.0,1.3356761737347674e-09,0.01573637472393872,1.0,0.0,0.0,0.85,False
1,104,1.0,1.3356761737347674e-09,0.01573637472393872,1.0,0.0,0.0,0.85,False
1,105,1.0,1.3356761737347674e-09,0.01573637472393872,1.0,0.0,0.0,0.85,False
1,106,1.0,1.3356761737347674e-09,0.01573637472393872,1.0,0.0,0.0,0.85,False
1,107,1.0,1.3356761737347674e-09,0.01573637472393872,1.0,0.0,0.0,0.85,False
1,108,1.0,1.3356761737347674e-09,0.01573637472393872,1.0,0.0,0.0,0.85,False
1,109,1.0,1.3356761737347674e-09,0.01573637472393872,1.0,0.0,0.0,0.85,False
1,110,1.0,1.3356761737347674e-09,0.01573637472393872,1.0,0.0,0.0,0.85,False
1,111,1.0,1.3356761737347674e-09,0.01573637472393872,1.0,0.0,0.0,0.85,False
1,112,1.0,1.3356761737347674e-09,0.01573637472393872,1.0,0.0,0.0,0.85,False
1,113,1.0,1.3356761737347674e-09,0.01573637472393872,1.0,0.0,0.0,0.85,False
1,114,1.0,1.3356761737347674e-09,0.01573637472393872,1.0,0.0,0.0,0.85,False
1,115,1.0,1.3356761737347674e-09,0.01573637472393872,1.0,0.0,0.0,0.85,False
1,116,1.0,1.3356761737347674e-09,0.01573637472393872,1.0,0.0,0.0,0.85,False
1,117,1.0,1.3356761737347674e-09,0.01573637472393872,1.0,0.0,0.0,0.85,False
1,118,1.0,1.3356761737347674e-09,0.01573637472393872,1.0,0.0,0.0,0.85,False
1,119,1.0,1.3356761737347674e-09,0.01573637472393872,1.0,0.0,0.0,0.85,False
1,120,1.0,1.3356761737347674e-09,0.01573637472393872,1.0,0.0,0.0,0.85,False
1,121,1.0,1.3356761737347674e-09,0.01573637472393872,1.0,0.0,0.0,0.85,False
1,122,1.0,1.3356761737347674e-09,0.01573637472393872,1.0,0.0,0.0,0.85,False
1,123,1.0,1.3356761737347674e-09,0.01573637472393872,1.0,0.0,0.0,0.85,False
1,124,1.0,1.3356761737347674e-09,0.01573637472393872,1.0,0.0,0.0,0.85,False
1,125,1.0,1.3356761737347674e-09,0.01573637472393872,1.0,0.0,0.0,0.85,False
1,126,1.0,1.3356761737347674e-09,0.01573637472393872,1.0,0.0,0.0,0.85,False
1,127,1.0,1.3356761737347674e-09,0.01573637472393872,1.0,0.0,0.0,0.85,False
1,128,1.0,1.3356761737347674e-09,0.01573637472393872,1.0,0.0,0.0,0.85,False
1,129,1.0,1.3356761737347674e-09,0.01573637472393872,1.0,0.0,0.0,0.85,False
1,130,1.0,1.3356761737347674e-09,0.01573637472393872,1.0,0.0,0.0,0.85,False
1,131,1.0,1.3356761737347674e-09,0.01573637472393872,1.0,0.0,0.0,0.85,False
1,132,1.0,1.3356761737347674e-09,0.01573637472393872,1.0,0.0,0.0,0.85,False
1,133,1.0,1.3356761737347674e-09,0.01573637472393872,1.0,0.0,0.0,0.85,False
1,134,1.0,1.3356761737347674e-09,0.01573637472393872,1.0,0.0,0.0,0.85,False
1,135,1.0,1.3356761737347674e-09,0.01573637472393872,1.0,0.0,0.0,0.85,False
1,136,1.0,1.3356761737347674e-09,0.01573637472393872,1.0,0.0,0.0,0.85,False
1,137,1.0,1.3356761737347674e-09,0.01573637472393872,1.0,0.0,0.0,0.85,False
1,138,1.0,1.3356761737347674e-09,0.01573637472393872,1.0,0.0,0.0,0.85,False
1,139,1.0,1.3356761737347674e-09,0.01573637472393872,1.0,0.0,0.0,0.85,False
1,140,1.0,1.3356761737347674e-09,0.01573637472393872,1.0,0.0,0.0,0.85,False
1,141,1.0,1.3356761737347674e-09,0.01573637472393872,1.0,0.0,0.0,0.85,False
1,142,1.0,1.3356761737347674e-09,0.01573637472393872,1.0,0.0,0.0,0.85,False
1,143,1.0,1.3356761737347674e-09,0.01573637472393872,1.0,0.0,0.0,0.85,False
1,144,1.0,1.3356761737347674e-09,0.01573637472393872,1.0,0.0,0.0,0.85,False
1,145,1.0,1.3356761737347674e-09,0.01573637472393872,1.0,0.0,0.0,0.85,False
1,146,1.0,1.3356761737347674e-09,0.01573637472393872,1.0,0.0,0.0,0.85,False
1,147,1.0,1.3356761737347674e-09,0.01573637472393872,1.0,0.0,0.0,0.85,False
1,148,1.0,1.3356761737347674e-09,0.01573637472393872,1.0,0.0,0.0,0.85,False
1,149,1.0,1.3356761737347674e-09,0.01573637472393872,1.0,0.0,0.0,0.85,False
1,150,1.0,1.3356761737347674e-09,0.01573637472393872,1.0,0.0,0.0,0.85,False
1,151,1.0,1.3356761737347674e-09,0.01573637472393872,1.0,0.0,0.0,0.85,False
1,152,1.0,1.3356761737347674e-09,0.01573637472393872,1.0,0.0,0.0,0.85,False
1,153,1.0,1.3356761737347674e-09,0.01573637472393872,1.0,0.0,0.0,0.85,False
1,154,1.0,1.3356761737347674e-09,0.01573637472393872,1.0,0.0,0.0,0.85,False
1,155,1.0,1.3356761737347674e-09,0.01573637472393872,1.0,0.0,0.0,0.85,False
1,156,1.0,1.3356761737347674e-09,0.01573637472393872,1.0,0.0,0.0,0.85,False
1,157,1.0,1.3356761737347674e-09,0.01573637472393872,1.0,0.0,0.0,0.85,False
1,158,1.0,1.3356761737347674e-09,0.01573637472393872,1.0,0.0,0.0,0.85,False
1,159,1.0,1.3356761737347674e-09,0.01573637472393872,1.0,0.0,0.0,0.85,False
1,160,1.0,1.3356761737347674e-09,0.01573637472393872,1.0,0.0,0.0,0.85,False
1,161,1.0,1.3356761737347674e-09,0.01573637472393872,1.0,0.0,0.0,0.85,False
1,162,1.0,1.3356761737347674e-09,0.01573637472393872,1.0,0.0,0.0,0.85,False
1,163,1.0,1.3356761737347674e-09,0.01573637472393872,1.0,0.0,0.0,0.85,False
1,164,1.0,1.3356761737347674e-09,0.01573637472393872,1.0,0.0,0.0,0.85,False
1,165,1.0,1.3356761737347674e-09,0.01573637472393872,1.0,0.0,0.0,0.85,False
1,166,1.0,1.3356761737347674e-09,0.01573637472393872,1.0,0.0,0.0,0.85,False
1,167,1.0,1.3356761737347674e-09,0.01573637472393872,1.0,0.0,0.0,0.85,False
1,168,1.0,1.3356761737347674e-09,0.01573637472393872,1.0,0.0,0.0,0.85,False
1,169,1.0,1.3356761737347674e-09,0.01573637472393872,1.0,0.0,0.0,0.85,False
1,170,1.0,1.3356761737347674e-09,0.01573637472393872,1.0,0.0,0.0,0.85,False
1,171,1.0,1.3356761737347674e-09,0.01573637472393872,1.0,0.0,0.0,0.85,False
1,172,1.0,1.3356761737347674e-09,0.01573637472393872,1.0,0.0,0.0,0.85,False
1,173,1.0,1.3356761737347674e-09,0.01573637472393872,1.0,0.0,0.0,0.85,False
1,174,1.0,1.3356761737347674e-09,0.01573637472393872,1.0,0.0,0.0,0.85,False
1,175,1.0,1.3356761737347674e-09,0.01573637472393872,1.0,0.0,0.0,0.85,False
1,176,1.0,1.3356761737347674e-09,0.01573637472393872,1.0,0.0,0.0,0.85,False
1,177,1.0,1.3356761737347674e-09,0.01573637472393872,1.0,0.0,0.0,0.85,False
1,178,1.0,1.3356761737347674e-09,0.01573637472393872,1.0,0.0,0.0,0.85,False
1,179,1.0,1.3356761737347674e-09,0.01573637472393872,1.0,0.0,0.0,0.85,False
1,180,1.0,1.3356761737347674e-09,0.01573637472393872,1.0,0.0,0.0,0.85,False
1,181,1.0,1.3356761737347674e-09,0.01573637472393872,1.0,0.0,0.0,0.85,False
1,182,1.0,1.3356761737347674e-09,0.01573637472393872,1.0,0.0,0.0,0.85,False
1,183,1.0,1.3356761737347674e-09,0.01573637472393872,1.0,0.0,0.0,0.85,False
1,184,1.0,1.3356761737347674e-09,0.01573637472393872,1.0,0.0,0.0,0.85,False
1,185,1.0,1.3356761737347674e-09,0.01573637472393872,1.0,0.0,0.0,0.85,False
1,186,1.0,1.3356761737347674e-09,0.01573637472393872,1.0,0.0,0.0,0.85,False
1,187,1.0,1.3356761737347674e-09,0.01573637472393872,1.0,0.0,0.0,0.85,False
1,188,1.0,1.3356761737347674e-09,0.01573637472393872,1.0,0.0,0.0,0.85,False
1,189,1.0,1.3356761737347674e-09,0.01573637472393872,1.0,0.0,0.0,0.85,False
1,190,1.0,1.3356761737347674e-09,0.01573637472393872,1.0,0.0,0.0,0.85,False
1,191,1.0,1.3356761737347674e-09,0.01573637472393872,1.0,0.0,0.0,0.85,False
1,192,1.0,1.3356761737347674e-09,0.01573637472393872,1.0,0.0,0.0,0.85,False
1,193,1.0,1.3356761737347674e-09,0.01573637472393872,1.0,0.0,0.0,0.85,False
1,194,1.0,1.3356761737347674e-09,0.01573637472393872,1.0,0.0,0.0,0.85,False
1,195,1.0,1.3356761737347674e-09,0.01573637472393872,1.0,0.0,0.0,0.85,False
1,196,1.0,1.3356761737347674e-09,0.01573637472393872,1.0,0.0,0.0,0.85,False
1,197,1.0,1.3356761737347674e-09,0.01573637472393872,1.0,0.0,0.0,0.85,False
1,198,1.0,1.3356761737347674e-09,0.01573637472393872,1.0,0.0,0.0,0.85,False
1,199,1.0,1.3356761737347674e-09,0.01573637472393872,1.0,0.0,0.0,0.85,False
1,200,1.0,1.3356761737347674e-09,0.01573637472393872,1.0,0.0,0.0,0.85,False
