ordering,sigma,steps,dt,converged,failed_steps,total_runtime,runtime_per_step,average_iterations,maximum_iterations,final_residual,final_temperature,final_temperature_max,final_psi_amplitude_mean,final_psi_amplitude_min,final_psi_amplitude_max,final_current_mean,final_current_max,final_joule_heating_mean,final_joule_heating_max
tdgl_electrical_thermal,1.0,5,1e-13,False,1,3.123614499985706,0.7809036249964265,100.0,100,1.5083425634990313e-05,3.0,3.0,0.8980265101338744,0.8980265101338745,0.8980265101338745,0.0,0.0,0.0,0.0
tdgl_electrical_thermal,0.75,5,1e-13,False,1,3.825676900014514,0.9564192250036285,100.0,100,1.3348967696718033e-05,3.0,3.0,0.8980265101338744,0.8980265101338745,0.8980265101338745,0.0,0.0,0.0,0.0
tdgl_electrical_thermal,0.5,5,1e-13,False,1,4.672057700023288,1.168014425005822,100.0,100,1.4751796967149354e-05,3.0,3.0,0.8980265101338744,0.8980265101338745,0.8980265101338745,0.0,0.0,0.0,0.0
tdgl_electrical_thermal,0.25,5,1e-13,False,1,7.010906100011198,1.7527265250027995,100.0,100,1.696228979134871e-05,3.0,3.0,0.8980265101338744,0.8980265101338745,0.8980265101338745,0.0,0.0,0.0,0.0
tdgl_electrical_thermal,0.1,5,1e-13,False,1,14.373979199997848,3.593494799999462,100.0,100,9.557947759586421e-05,3.0,3.0,0.8980265101338744,0.8980265101338745,0.8980265101338745,0.0,0.0,0.0,0.0
tdgl_electrical_thermal,0.05,5,1e-13,False,1,25.061125500011258,6.2652813750028145,100.0,100,0.006393293053975824,3.0,3.0,0.8980265101338744,0.8980265101338745,0.8980265101338745,0.0,0.0,0.0,0.0
tdgl_thermal_electrical,1.0,5,1e-13,False,1,3.010716999997385,0.7526792499993462,100.0,100,1.5083425638315202e-05,3.0,3.0,0.8980265101338744,0.8980265101338745,0.8980265101338745,0.0,0.0,0.0,0.0
tdgl_thermal_electrical,0.75,5,1e-13,False,1,3.6958731999911834,0.9239682999977958,100.0,100,1.3348967816379535e-05,3.0,3.0,0.8980265101338744,0.8980265101338745,0.8980265101338745,0.0,0.0,0.0,0.0
tdgl_thermal_electrical,0.5,5,1e-13,False,1,4.572030199982692,1.143007549995673,100.0,100,1.4751797046040474e-05,3.0,3.0,0.8980265101338744,0.8980265101338745,0.8980265101338745,0.0,0.0,0.0,0.0
tdgl_thermal_electrical,0.25,5,1e-13,False,1,7.0855677999788895,1.7713919499947224,100.0,100,1.6962289861087167e-05,3.0,3.0,0.8980265101338744,0.8980265101338745,0.8980265101338745,0.0,0.0,0.0,0.0
tdgl_thermal_electrical,0.1,5,1e-13,False,1,14.458100299991202,3.6145250749978004,100.0,100,9.557947793980759e-05,3.0,3.0,0.8980265101338744,0.8980265101338745,0.8980265101338745,0.0,0.0,0.0,0.0
tdgl_thermal_electrical,0.05,5,1e-13,False,1,24.93982640001923,6.234956600004807,100.0,100,0.0063932930624870385,3.0,3.0,0.8980265101338744,0.8980265101338745,0.8980265101338745,0.0,0.0,0.0,0.0
electrical_tdgl_thermal,1.0,5,1e-13,False,1,3.002125700004399,0.7505314250010997,100.0,100,1.5083425638315202e-05,3.0,3.0,0.8980265101338744,0.8980265101338745,0.8980265101338745,0.0,0.0,0.0,0.0
electrical_tdgl_thermal,0.75,5,1e-13,False,1,3.6690548000042327,0.9172637000010582,100.0,100,1.3348967816371017e-05,3.0,3.0,0.8980265101338744,0.8980265101338745,0.8980265101338745,0.0,0.0,0.0,0.0
electrical_tdgl_thermal,0.5,5,1e-13,False,1,4.552859700022964,1.138214925005741,100.0,100,1.475179704604308e-05,3.0,3.0,0.8980265101338744,0.8980265101338745,0.8980265101338745,0.0,0.0,0.0,0.0
electrical_tdgl_thermal,0.25,5,1e-13,False,1,6.953516900015529,1.7383792250038823,100.0,100,1.696228986109103e-05,3.0,3.0,0.8980265101338744,0.8980265101338745,0.8980265101338745,0.0,0.0,0.0,0.0
electrical_tdgl_thermal,0.1,5,1e-13,False,1,14.510623400012264,3.627655850003066,100.0,100,9.557947793986326e-05,3.0,3.0,0.8980265101338744,0.8980265101338745,0.8980265101338745,0.0,0.0,0.0,0.0
electrical_tdgl_thermal,0.05,5,1e-13,False,1,24.795005299994955,6.198751324998739,100.0,100,0.00639329306248782,3.0,3.0,0.8980265101338744,0.8980265101338745,0.8980265101338745,0.0,0.0,0.0,0.0
electrical_thermal_tdgl,1.0,5,1e-13,False,1,3.0504029000003356,0.7626007250000839,100.0,100,1.5083425634990313e-05,3.0,3.0,0.8980265101338744,0.8980265101338745,0.8980265101338745,0.0,0.0,0.0,0.0
electrical_thermal_tdgl,0.75,5,1e-13,False,1,3.804156600002898,0.9510391500007245,100.0,100,1.334896769669883e-05,3.0,3.0,0.8980265101338744,0.8980265101338745,0.8980265101338745,0.0,0.0,0.0,0.0
electrical_thermal_tdgl,0.5,5,1e-13,False,1,4.582255300018005,1.1455638250045013,100.0,100,1.4751796967166079e-05,3.0,3.0,0.8980265101338744,0.8980265101338745,0.8980265101338745,0.0,0.0,0.0,0.0
electrical_thermal_tdgl,0.25,5,1e-13,False,1,7.02073340001516,1.75518335000379,100.0,100,1.6962289791321312e-05,3.0,3.0,0.8980265101338744,0.8980265101338745,0.8980265101338745,0.0,0.0,0.0,0.0
electrical_thermal_tdgl,0.1,5,1e-13,False,1,14.55649740001536,3.63912435000384,100.0,100,9.557947759601292e-05,3.0,3.0,0.8980265101338744,0.8980265101338745,0.8980265101338745,0.0,0.0,0.0,0.0
electrical_thermal_tdgl,0.05,5,1e-13,False,1,24.75242239999352,6.18810559999838,100.0,100,0.006393293053974531,3.0,3.0,0.8980265101338744,0.8980265101338745,0.8980265101338745,0.0,0.0,0.0,0.0
thermal_tdgl_electrical,1.0,5,1e-13,False,1,3.032673000008799,0.7581682500021998,100.0,100,1.5083425634990313e-05,3.0,3.0,0.8980265101338744,0.8980265101338745,0.8980265101338745,0.0,0.0,0.0,0.0
thermal_tdgl_electrical,0.75,5,1e-13,False,1,3.682242899987614,0.9205607249969034,100.0,100,1.3348967696710559e-05,3.0,3.0,0.8980265101338744,0.8980265101338745,0.8980265101338745,0.0,0.0,0.0,0.0
thermal_tdgl_electrical,0.5,5,1e-13,False,1,4.570844300003955,1.1427110750009888,100.0,100,1.4751796967143695e-05,3.0,3.0,0.8980265101338744,0.8980265101338745,0.8980265101338745,0.0,0.0,0.0,0.0
thermal_tdgl_electrical,0.25,5,1e-13,False,1,7.071235500014154,1.7678088750035386,100.0,100,1.696228979135154e-05,3.0,3.0,0.8980265101338744,0.8980265101338745,0.8980265101338745,0.0,0.0,0.0,0.0
thermal_tdgl_electrical,0.1,5,1e-13,False,1,14.488627000013366,3.6221567500033416,100.0,100,9.557947759582883e-05,3.0,3.0,0.8980265101338744,0.8980265101338745,0.8980265101338745,0.0,0.0,0.0,0.0
thermal_tdgl_electrical,0.05,5,1e-13,False,1,24.864134900009958,6.2160337250024895,100.0,100,0.006393293053974871,3.0,3.0,0.8980265101338744,0.8980265101338745,0.8980265101338745,0.0,0.0,0.0,0.0
thermal_electrical_tdgl,1.0,5,1e-13,False,1,3.013022200000705,0.7532555500001763,100.0,100,1.5083425638315202e-05,3.0,3.0,0.8980265101338744,0.8980265101338745,0.8980265101338745,0.0,0.0,0.0,0.0
thermal_electrical_tdgl,0.75,5,1e-13,False,1,3.725174999999581,0.9312937499998952,100.0,100,1.3348967816364398e-05,3.0,3.0,0.8980265101338744,0.8980265101338745,0.8980265101338745,0.0,0.0,0.0,0.0
thermal_electrical_tdgl,0.5,5,1e-13,False,1,4.5709505999984685,1.1427376499996171,100.0,100,1.4751797046048445e-05,3.0,3.0,0.8980265101338744,0.8980265101338745,0.8980265101338745,0.0,0.0,0.0,0.0
thermal_electrical_tdgl,0.25,5,1e-13,False,1,7.175627999997232,1.793906999999308,100.0,100,1.696228986108822e-05,3.0,3.0,0.8980265101338744,0.8980265101338745,0.8980265101338745,0.0,0.0,0.0,0.0
thermal_electrical_tdgl,0.1,5,1e-13,False,1,14.419647100003203,3.604911775000801,100.0,100,9.557947793977176e-05,3.0,3.0,0.8980265101338744,0.8980265101338745,0.8980265101338745,0.0,0.0,0.0,0.0
thermal_electrical_tdgl,0.05,5,1e-13,False,1,24.931564800004708,6.232891200001177,100.0,100,0.006393293062487555,3.0,3.0,0.8980265101338744,0.8980265101338745,0.8980265101338745,0.0,0.0,0.0,0.0
